CustomerID,Recency,Frequency,Monetary
12347.0,5,1,5
12348.0,3,1,3
12349.0,5,1,5
12352.0,4,2,5
12356.0,5,1,1
12357.0,4,1,5
12358.0,5,1,5
12359.0,5,1,5
12360.0,4,1,5
12362.0,5,3,5
12364.0,5,2,5
12367.0,5,1,3
12370.0,4,1,5
12371.0,4,1,5
12372.0,3,1,4
12374.0,5,1,5
12375.0,5,1,3
12379.0,3,1,4
12380.0,5,2,5
12381.0,5,2,4
12384.0,5,1,3
12388.0,5,1,5
12390.0,3,1,4
12391.0,5,1,4
12393.0,3,1,4
12394.0,3,1,5
12395.0,5,2,5
12397.0,4,1,5
12398.0,4,1,5
12403.0,4,1,4
12406.0,5,1,5
12407.0,4,1,3
12408.0,4,1,5
12409.0,3,2,5
12412.0,3,1,4
12413.0,3,1,3
12415.0,5,3,5
12417.0,5,2,5
12420.0,3,1,4
12421.0,5,1,3
12423.0,5,1,3
12425.0,3,1,5
12427.0,5,2,4
12428.0,5,1,4
12429.0,5,1,5
12430.0,4,1,3
12431.0,4,2,5
12432.0,4,1,5
12433.0,5,2,5
12434.0,3,1,4
12435.0,3,1,5
12437.0,5,3,5
12438.0,5,1,5
12442.0,5,1,3
12444.0,5,2,5
12445.0,5,1,2
12446.0,4,1,5
12448.0,4,1,4
12449.0,5,1,5
12451.0,5,2,5
12452.0,5,2,4
12454.0,4,1,
12455.0,3,1,3
12456.0,4,1,5
12457.0,4,3,5
12458.0,3,1,4
12462.0,5,1,4
12463.0,4,1,3
12464.0,5,1,4
12465.0,5,1,3
12471.0,5,4,5
12472.0,4,2,5
12473.0,5,2,5
12474.0,5,3,5
12475.0,4,1,5
12476.0,5,3,5
12477.0,5,2,5
12478.0,5,1,5
12479.0,5,2,4
12480.0,5,1,5
12481.0,5,1,5
12483.0,5,2,5
12484.0,4,2,5
12488.0,5,2,5
12490.0,5,2,5
12491.0,4,1,4
12492.0,3,1,2
12494.0,5,2,3
12497.0,3,1,5
12498.0,5,2,4
12500.0,5,3,5
12504.0,5,2,2
12508.0,5,1,4
12512.0,3,1,2
12513.0,3,1,
12516.0,3,1,5
12517.0,5,2,5
12518.0,5,2,5
12519.0,3,1,4
12520.0,3,1,4
12522.0,4,1,3
12523.0,5,3,5
12524.0,5,1,5
12526.0,5,1,5
12527.0,3,1,1
12528.0,5,1,4
12530.0,4,1,4
12531.0,5,1,2
12532.0,5,1,4
12536.0,5,2,5
12538.0,5,1,4
12539.0,5,1,5
12540.0,5,3,5
12541.0,5,1,4
12544.0,5,1,4
12545.0,3,1,4
12546.0,4,2,5
12550.0,3,1,5
12552.0,4,1,4
12553.0,5,2,5
12556.0,4,1,3
12557.0,5,1,5
12558.0,5,1,1
12560.0,5,1,5
12562.0,5,2,5
12566.0,3,1,4
12567.0,5,1,5
12569.0,5,4,5
12571.0,4,1,3
12572.0,5,2,5
12576.0,4,1,4
12577.0,4,2,4
12578.0,5,1,5
12579.0,3,2,4
12581.0,4,1,3
12583.0,5,3,5
12584.0,5,3,5
12586.0,5,1,3
12587.0,5,1,2
12588.0,4,1,3
12589.0,5,1,4
12594.0,4,1,5
12596.0,4,1,4
12597.0,5,2,5
12598.0,5,2,5
12599.0,5,1,3
12600.0,5,1,4
12602.0,4,1,2
12603.0,5,1,5
12604.0,3,1,2
12607.0,4,1,
12609.0,3,1,3
12610.0,5,2,5
12611.0,4,1,5
12612.0,4,1,4
12613.0,4,1,5
12615.0,5,2,5
12616.0,3,1,
12617.0,5,1,4
12618.0,5,1,3
12619.0,5,3,5
12620.0,5,1,5
12621.0,5,2,5
12626.0,5,2,5
12627.0,5,1,5
12628.0,5,2,5
12630.0,5,1,5
12631.0,4,1,4
12633.0,4,1,3
12637.0,3,1,4
12638.0,4,1,5
12640.0,5,2,5
12642.0,5,1,4
12645.0,4,1,4
12646.0,5,1,5
12647.0,5,2,5
12650.0,5,1,3
12654.0,5,1,3
12656.0,5,2,5
12657.0,5,2,5
12658.0,5,1,5
12659.0,5,1,2
12660.0,5,1,3
12662.0,5,2,5
12664.0,5,3,5
12667.0,4,1,4
12668.0,5,1,5
12670.0,5,2,5
12673.0,5,1,4
12674.0,5,2,4
12676.0,5,1,4
12678.0,4,2,5
12679.0,4,3,3
12680.0,5,1,4
12681.0,5,3,5
12682.0,5,4,5
12683.0,5,2,5
12684.0,5,2,5
12685.0,5,2,5
12689.0,5,1,5
12691.0,5,1,4
12694.0,3,1,4
12695.0,5,1,3
12697.0,5,1,3
12700.0,5,2,5
12701.0,3,1,4
12702.0,5,1,3
12703.0,3,1,3
12704.0,5,3,5
12705.0,5,3,5
12708.0,5,2,5
12709.0,5,3,5
12712.0,5,2,4
12713.0,5,1,5
12714.0,5,1,5
12716.0,5,1,4
12718.0,3,1,3
12719.0,5,2,4
12720.0,5,3,5
12721.0,4,1,5
12722.0,3,1,2
12723.0,5,2,5
12724.0,5,1,5
12726.0,5,1,5
12727.0,5,1,4
12728.0,3,1,3
12731.0,5,2,5
12739.0,3,1,1
12740.0,3,1,4
12744.0,4,2,5
12747.0,5,2,5
12748.0,5,5,5
12749.0,5,1,5
12752.0,3,1,5
12753.0,5,1,5
12756.0,3,1,2
12757.0,5,3,5
12759.0,4,1,4
12762.0,5,1,5
12766.0,5,1,5
12772.0,4,1,5
12775.0,5,1,3
12778.0,5,2,3
12779.0,5,1,5
12781.0,5,2,3
12782.0,5,1,3
12783.0,5,3,5
12784.0,5,1,4
12785.0,5,1,
12787.0,5,1,2
12789.0,3,1,2
12794.0,4,1,4
12795.0,5,1,4
12798.0,5,1,5
12808.0,4,1,3
12812.0,4,1,3
12820.0,5,2,5
12822.0,3,2,5
12823.0,3,1,4
12824.0,4,1,4
12826.0,5,2,4
12827.0,5,2,4
12828.0,5,2,4
12830.0,4,1,4
12832.0,4,1,2
12836.0,4,1,4
12838.0,4,1,3
12839.0,5,3,5
12841.0,5,3,5
12842.0,3,1,5
12843.0,3,1,1
12844.0,5,1,2
12847.0,5,1,5
12849.0,4,1,4
12854.0,3,1,4
12856.0,5,3,5
12863.0,4,1,4
12865.0,5,1,4
12867.0,5,1,5
12871.0,3,1,3
12876.0,4,1,5
12877.0,5,2,4
12878.0,5,1,
12879.0,4,2,4
12882.0,5,1,5
12883.0,5,2,5
12884.0,3,1,3
12885.0,3,1,4
12886.0,3,1,4
12890.0,5,1,4
12893.0,4,1,3
12895.0,4,2,4
12901.0,5,3,5
12904.0,5,1,3
12906.0,5,2,5
12908.0,4,1,
12909.0,4,2,4
12910.0,5,2,5
12912.0,5,2,5
12913.0,5,1,5
12919.0,5,2,5
12920.0,5,1,2
12921.0,5,4,5
12923.0,3,1,3
12924.0,3,1,3
12925.0,5,1,5
12928.0,4,1,5
12930.0,3,1,3
12931.0,5,3,5
12933.0,5,1,3
12935.0,5,2,4
12936.0,5,2,5
12937.0,5,1,5
12938.0,5,1,2
12939.0,3,2,5
12940.0,4,2,5
12944.0,4,1,3
12948.0,5,2,4
12949.0,4,1,5
12950.0,5,2,5
12951.0,5,1,3
12952.0,5,2,5
12953.0,5,1,3
12955.0,5,2,5
12957.0,5,3,5
12962.0,5,1,2
12963.0,5,3,5
12965.0,3,1,5
12966.0,5,1,2
12967.0,5,1,
12970.0,5,1,4
12971.0,5,5,5
12981.0,5,1,3
12984.0,5,1,2
12985.0,5,2,5
12987.0,3,1,3
12989.0,5,3,5
12990.0,4,1,2
12991.0,5,1,3
12993.0,5,1,1
12994.0,5,1,3
12995.0,3,1,3
12997.0,5,2,4
13001.0,5,1,5
13004.0,5,3,5
13006.0,4,1,2
13012.0,5,2,4
13013.0,5,2,5
13014.0,5,3,5
13015.0,4,1,5
13016.0,3,1,4
13017.0,5,1,3
13018.0,5,3,5
13021.0,5,2,5
13023.0,3,1,4
13026.0,5,2,3
13028.0,5,2,4
13029.0,4,1,4
13030.0,5,1,4
13032.0,4,2,5
13034.0,4,1,4
13035.0,4,1,4
13038.0,3,1,3
13040.0,5,1,5
13046.0,4,1,4
13047.0,4,2,4
13048.0,5,1,4
13049.0,3,1,4
13050.0,5,3,5
13055.0,3,2,5
13058.0,5,1,3
13061.0,3,1,3
13064.0,5,1,4
13066.0,5,2,4
13067.0,3,1,2
13068.0,5,1,3
13069.0,5,2,3
13077.0,5,1,2
13078.0,5,4,5
13079.0,5,2,2
13081.0,5,3,5
13083.0,5,1,3
13089.0,5,5,5
13090.0,5,3,5
13091.0,5,1,3
13092.0,3,1,1
13094.0,5,1,4
13095.0,3,1,2
13097.0,4,2,5
13098.0,5,4,5
13102.0,5,2,5
13103.0,4,1,3
13104.0,5,2,5
13107.0,4,1,4
13109.0,5,2,4
13110.0,4,1,4
13113.0,5,3,5
13115.0,5,3,5
13117.0,5,1,2
13118.0,5,2,4
13126.0,5,2,5
13127.0,3,1,3
13131.0,5,2,5
13134.0,3,1,5
13136.0,4,2,5
13137.0,5,2,5
13138.0,5,2,4
13139.0,5,2,5
13141.0,3,1,5
13142.0,5,1,3
13145.0,4,1,2
13146.0,5,1,3
13147.0,5,2,4
13148.0,5,1,5
13149.0,5,1,4
13153.0,5,1,4
13155.0,4,1,4
13157.0,4,1,5
13159.0,5,1,4
13160.0,5,1,2
13165.0,4,1,5
13167.0,5,1,4
13168.0,4,1,4
13169.0,3,1,3
13170.0,5,1,2
13171.0,5,2,3
13173.0,5,1,3
13174.0,5,1,5
13176.0,4,1,4
13177.0,3,1,3
13178.0,5,2,5
13182.0,4,1,2
13183.0,5,2,5
13184.0,5,1,3
13186.0,4,1,3
13188.0,5,1,2
13189.0,5,1,2
13193.0,3,1,2
13196.0,5,2,5
13198.0,5,1,4
13199.0,5,4,5
13200.0,5,2,4
13203.0,5,1,4
13207.0,5,1,1
13208.0,4,2,4
13209.0,5,2,5
13211.0,5,1,3
13212.0,5,2,5
13213.0,4,1,4
13220.0,3,1,2
13224.0,4,1,5
13225.0,5,1,5
13228.0,3,1,4
13230.0,5,1,4
13232.0,5,1,3
13233.0,3,1,3
13236.0,5,1,3
13238.0,5,2,4
13245.0,4,1,4
13246.0,5,1,1
13247.0,5,2,4
13255.0,5,1,2
13256.0,5,1,
13258.0,5,1,4
13259.0,3,1,3
13260.0,3,1,4
13263.0,5,4,5
13265.0,4,1,4
13266.0,5,3,5
13267.0,5,3,5
13268.0,5,3,5
13269.0,5,3,5
13271.0,4,1,3
13272.0,4,1,2
13276.0,3,1,4
13277.0,5,1,2
13278.0,4,1,4
13279.0,3,1,2
13282.0,5,2,3
13283.0,4,1,2
13285.0,5,1,5
13292.0,4,1,3
13297.0,5,2,5
13298.0,5,1,4
13305.0,5,1,4
13308.0,5,1,4
13309.0,5,2,5
13310.0,5,1,3
13311.0,5,1,2
13313.0,5,1,4
13314.0,5,2,4
13316.0,4,1,5
13317.0,3,1,5
13318.0,5,2,4
13319.0,5,3,5
13320.0,3,1,4
13321.0,3,1,4
13322.0,5,1,3
13323.0,5,2,5
13324.0,4,1,5
13325.0,3,1,5
13327.0,4,1,5
13329.0,4,1,4
13332.0,5,1,4
13334.0,3,1,5
13336.0,3,1,5
13340.0,4,1,5
13344.0,3,1,5
13347.0,3,1,4
13348.0,3,1,3
13349.0,5,1,3
13350.0,5,2,5
13351.0,3,1,4
13352.0,5,1,4
13354.0,3,1,5
13356.0,3,1,5
13359.0,4,1,4
13362.0,5,2,5
13363.0,5,1,5
13364.0,3,1,1
13365.0,5,1,5
13366.0,4,1,1
13373.0,3,1,5
13375.0,3,1,5
13379.0,5,1,4
13381.0,5,2,5
13384.0,4,2,5
13389.0,5,1,4
13390.0,3,1,4
13394.0,5,2,5
13396.0,5,1,5
13397.0,3,1,3
13403.0,5,1,2
13404.0,5,1,1
13405.0,3,1,1
13408.0,5,5,5
13410.0,5,2,4
13416.0,4,1,5
13417.0,5,1,4
13418.0,5,2,5
13419.0,3,1,3
13421.0,4,1,5
13422.0,4,1,5
13426.0,5,3,5
13427.0,5,1,2
13428.0,5,1,3
13429.0,5,2,5
13430.0,5,2,4
13431.0,3,1,5
13434.0,3,1,4
13435.0,5,3,5
13436.0,5,1,3
13437.0,5,2,5
13447.0,5,2,5
13448.0,5,2,5
13449.0,5,1,3
13450.0,5,1,4
13451.0,5,1,4
13455.0,5,1,4
13456.0,5,2,5
13458.0,5,2,5
13460.0,5,1,3
13461.0,4,1,4
13464.0,4,1,5
13467.0,5,1,5
13468.0,5,3,5
13471.0,5,2,5
13473.0,3,1,3
13477.0,4,1,4
13481.0,4,1,4
13483.0,3,1,2
13486.0,3,1,3
13487.0,4,1,2
13488.0,5,2,5
13491.0,4,1,2
13495.0,5,1,5
13496.0,5,1,2
13499.0,5,2,5
13500.0,5,2,5
13502.0,5,1,2
13503.0,3,1,3
13504.0,3,1,3
13505.0,3,1,5
13507.0,5,1,4
13509.0,5,1,3
13510.0,5,1,5
13514.0,3,1,2
13515.0,3,1,4
13516.0,5,1,5
13517.0,4,1,4
13518.0,3,1,4
13519.0,4,1,2
13520.0,4,1,5
13521.0,5,2,5
13522.0,5,1,2
13523.0,4,1,5
13524.0,4,1,3
13525.0,5,1,4
13527.0,4,1,4
13529.0,3,1,2
13532.0,4,1,3
13534.0,5,3,5
13536.0,5,3,5
13538.0,4,1,3
13539.0,3,1,3
13544.0,4,1,3
13546.0,5,1,4
13549.0,5,1,2
13552.0,3,2,5
13555.0,3,1,5
13557.0,5,1,4
13558.0,5,2,4
13560.0,5,1,3
13562.0,3,1,4
13563.0,3,1,4
13565.0,5,1,2
13566.0,4,1,5
13569.0,5,1,3
13571.0,5,2,5
13573.0,4,1,3
13575.0,5,2,4
13576.0,5,2,5
13577.0,5,1,4
13579.0,5,1,3
13587.0,4,2,4
13588.0,5,3,5
13589.0,5,1,3
13590.0,5,1,5
13591.0,3,1,4
13592.0,4,1,1
13594.0,4,1,4
13596.0,5,1,5
13598.0,4,1,3
13599.0,5,4,5
13601.0,4,1,3
13602.0,3,1,4
13603.0,5,1,2
13606.0,5,1,1
13607.0,4,1,5
13610.0,5,2,4
13611.0,3,1,4
13614.0,5,1,5
13617.0,4,1,3
13623.0,4,1,2
13627.0,4,2,4
13629.0,5,2,5
13630.0,5,1,5
13632.0,5,1,5
13634.0,4,1,5
13635.0,3,1,5
13636.0,4,1,3
13637.0,4,1,2
13638.0,5,1,2
13639.0,3,1,5
13643.0,4,1,3
13644.0,5,2,5
13647.0,5,2,5
13650.0,5,2,5
13651.0,4,1,2
13652.0,4,1,4
13654.0,4,1,5
13657.0,5,1,3
13658.0,5,2,5
13662.0,3,1,4
13666.0,4,1,1
13668.0,5,3,5
13669.0,4,1,3
13670.0,3,1,4
13673.0,5,1,4
13680.0,5,1,5
13681.0,5,2,4
13685.0,5,3,5
13689.0,3,1,5
13690.0,4,1,3
13692.0,5,1,4
13694.0,5,4,5
13695.0,4,2,5
13697.0,4,1,2
13700.0,5,1,4
13704.0,5,3,5
13705.0,5,1,3
13709.0,5,3,5
13710.0,4,1,3
13717.0,4,1,4
13719.0,5,2,5
13721.0,4,1,4
13725.0,4,1,
13726.0,4,1,5
13727.0,5,1,4
13728.0,4,1,3
13732.0,5,1,4
13735.0,5,2,5
13736.0,5,1,4
13739.0,5,1,3
13741.0,3,1,3
13742.0,5,1,4
13743.0,5,1,4
13750.0,4,1,3
13755.0,5,3,5
13756.0,5,3,5
13758.0,5,1,5
13759.0,4,1,4
13760.0,4,1,2
13761.0,4,1,4
13763.0,3,1,5
13764.0,3,1,4
13767.0,5,4,5
13769.0,5,2,4
13771.0,3,1,5
13772.0,4,1,4
13774.0,3,1,4
13777.0,5,4,5
13780.0,5,1,3
13782.0,5,2,4
13784.0,5,1,4
13787.0,3,1,3
13790.0,5,1,4
13791.0,4,1,
13792.0,3,1,2
13798.0,5,4,5
13801.0,3,1,3
13804.0,4,2,5
13805.0,4,1,4
13806.0,3,1,3
13808.0,5,2,5
13810.0,5,2,5
13812.0,4,1,3
13813.0,4,2,5
13814.0,4,1,
13815.0,5,1,5
13816.0,5,2,4
13817.0,5,1,3
13822.0,5,1,4
13823.0,5,1,3
13824.0,4,1,3
13827.0,4,1,2
13828.0,5,1,3
13831.0,5,1,5
13832.0,5,1,1
13835.0,5,1,3
13838.0,5,1,3
13842.0,4,1,5
13844.0,5,1,4
13845.0,3,1,3
13846.0,5,1,3
13849.0,4,1,5
13850.0,3,1,
13853.0,5,1,5
13854.0,5,2,5
13858.0,4,1,3
13860.0,5,3,5
13862.0,5,1,4
13865.0,4,1,2
13866.0,3,1,2
13867.0,4,1,5
13868.0,5,1,5
13870.0,5,2,4
13871.0,5,2,5
13875.0,4,1,4
13876.0,3,1,2
13877.0,3,1,2
13878.0,4,1,5
13880.0,5,2,5
13881.0,5,3,5
13882.0,5,3,5
13883.0,5,1,5
13884.0,5,1,4
13886.0,3,1,3
13890.0,5,4,5
13892.0,5,2,4
13894.0,5,2,4
13895.0,5,2,5
13897.0,4,1,3
13899.0,5,1,2
13901.0,3,1,3
13904.0,4,1,2
13908.0,3,1,5
13911.0,4,1,2
13914.0,5,2,4
13917.0,4,1,3
13918.0,4,1,5
13919.0,4,1,2
13923.0,4,1,4
13924.0,5,4,5
13925.0,4,1,
13926.0,5,1,3
13927.0,3,1,4
13928.0,5,1,3
13930.0,4,1,2
13931.0,3,1,
13938.0,4,1,2
13939.0,5,1,3
13940.0,5,1,4
13941.0,5,1,5
13946.0,3,1,2
13947.0,3,1,2
13949.0,5,2,5
13950.0,5,2,4
13953.0,5,1,5
13954.0,5,2,4
13956.0,5,1,4
13959.0,3,1,3
13960.0,5,1,3
13962.0,5,1,1
13969.0,5,3,5
13971.0,5,2,5
13972.0,3,1,1
13974.0,4,1,4
13975.0,4,1,5
13978.0,5,1,3
13979.0,3,1,5
13980.0,4,1,3
13982.0,4,1,4
13983.0,5,2,5
13984.0,5,1,2
13985.0,5,3,5
13986.0,5,1,3
13988.0,5,2,5
13989.0,3,1,4
13991.0,5,3,5
13992.0,5,1,2
13993.0,4,2,5
13994.0,5,2,5
13995.0,5,1,4
13999.0,5,2,5
14001.0,4,1,5
14004.0,4,1,5
14005.0,5,1,5
14014.0,3,1,4
14015.0,4,1,5
14019.0,4,1,4
14020.0,5,1,4
14023.0,5,1,3
14027.0,3,1,2
14029.0,3,1,3
14030.0,5,1,5
14031.0,5,3,5
14032.0,5,3,5
14034.0,5,1,3
14035.0,5,1,4
14038.0,3,1,4
14039.0,4,1,2
14040.0,4,1,5
14044.0,5,1,2
14047.0,5,1,5
14049.0,5,1,5
14050.0,4,1,3
14051.0,5,3,5
14052.0,5,1,3
14054.0,3,1,2
14056.0,5,3,5
14057.0,5,2,5
14060.0,5,3,5
14062.0,5,1,5
14064.0,5,1,3
14067.0,3,1,2
14071.0,5,3,5
14073.0,5,1,2
14075.0,5,1,4
14077.0,4,1,3
14080.0,4,1,1
14083.0,5,1,4
14085.0,5,3,5
14087.0,5,1,3
14088.0,5,3,5
14089.0,4,1,2
14092.0,5,2,5
14093.0,5,1,4
14096.0,5,5,
14098.0,4,1,2
14099.0,5,2,5
14101.0,3,1,5
14102.0,5,3,5
14105.0,3,1,
14107.0,4,1,3
14108.0,4,1,3
14109.0,5,1,2
14110.0,5,3,5
14111.0,5,1,4
14112.0,5,2,5
14113.0,5,2,5
14116.0,5,2,5
14121.0,5,3,5
14124.0,3,1,4
14125.0,5,2,5
14126.0,5,2,4
14128.0,3,1,3
14129.0,5,1,4
14132.0,5,3,5
14135.0,5,2,5
14138.0,5,1,5
14139.0,4,1,4
14140.0,5,2,5
14141.0,5,2,4
14145.0,4,1,5
14146.0,5,2,5
14147.0,4,1,3
14150.0,4,1,4
14152.0,3,1,3
14156.0,5,4,5
14157.0,5,1,2
14158.0,4,1,4
14159.0,5,2,5
14163.0,3,1,5
14164.0,3,1,5
14167.0,4,1,3
14173.0,5,2,4
14174.0,4,1,2
14175.0,4,1,5
14177.0,3,1,3
14178.0,5,2,5
14179.0,4,1,5
14180.0,5,2,4
14184.0,3,1,4
14188.0,5,2,4
14189.0,5,3,5
14191.0,5,3,5
14193.0,3,1,4
14194.0,5,4,5
14198.0,5,2,3
14201.0,4,1,3
14204.0,5,1,2
14205.0,5,1,3
14209.0,5,1,3
14211.0,4,2,5
14214.0,4,1,2
14215.0,5,1,5
14216.0,5,2,5
14217.0,5,4,5
14218.0,4,1,3
14219.0,5,1,2
14221.0,4,1,5
14226.0,5,2,4
14227.0,5,2,5
14229.0,4,1,5
14232.0,4,1,4
14233.0,4,1,4
14234.0,5,2,5
14235.0,5,1,3
14236.0,3,1,3
14239.0,4,1,4
14240.0,5,1,4
14243.0,5,1,3
14250.0,5,2,5
14251.0,5,2,5
14257.0,4,1,4
14258.0,5,1,5
14261.0,4,1,5
14262.0,5,2,5
14272.0,3,1,3
14273.0,4,1,2
14276.0,3,1,
14277.0,5,2,5
14282.0,5,3,5
14284.0,4,2,4
14285.0,5,2,5
14286.0,5,2,5
14287.0,5,1,2
14289.0,5,1,2
14290.0,5,2,5
14291.0,5,2,5
14292.0,5,3,5
14293.0,5,1,3
14295.0,4,1,2
14297.0,5,2,5
14298.0,5,3,5
14299.0,5,3,5
14300.0,5,1,1
14305.0,3,1,5
14306.0,4,2,5
14307.0,3,1,5
14309.0,5,1,5
14312.0,4,1,4
14315.0,5,1,5
14317.0,3,1,4
14321.0,5,1,4
14329.0,5,3,5
14332.0,5,1,5
14333.0,3,1,4
14334.0,5,1,3
14335.0,5,1,2
14336.0,5,1,4
14341.0,4,1,5
14342.0,5,1,3
14345.0,4,1,2
14349.0,5,1,2
14354.0,5,1,2
14356.0,4,2,5
14357.0,4,1,3
14359.0,5,3,5
14360.0,4,2,5
14362.0,5,1,2
14367.0,5,3,5
14379.0,4,1,3
14381.0,4,1,3
14382.0,5,1,4
14383.0,4,1,5
14385.0,5,2,3
14387.0,4,1,5
14388.0,5,2,5
14389.0,5,1,5
14390.0,5,3,5
14395.0,5,2,5
14396.0,3,1,4
14397.0,5,4,5
14401.0,5,2,5
14404.0,4,1,2
14408.0,5,1,3
14409.0,3,1,2
14410.0,5,1,
14412.0,4,2,5
14415.0,5,2,5
14416.0,5,1,4
14418.0,5,1,5
14419.0,5,2,5
14420.0,3,1,
14421.0,4,1,4
14422.0,5,2,5
14424.0,5,1,3
14426.0,5,3,5
14427.0,4,1,4
14428.0,5,2,5
14432.0,5,3,5
14434.0,5,3,5
14440.0,5,2,5
14441.0,5,2,5
14442.0,5,1,
14443.0,4,1,4
14446.0,5,2,5
14447.0,5,2,4
14448.0,5,1,3
14449.0,5,1,4
14451.0,4,1,3
14452.0,5,1,2
14456.0,5,4,5
14462.0,3,2,4
14466.0,5,1,5
14467.0,5,2,4
14470.0,5,1,2
14473.0,3,1,2
14474.0,4,1,4
14475.0,3,1,3
14477.0,5,2,5
14480.0,5,1,3
14482.0,5,2,5
14484.0,4,1,3
14485.0,4,1,2
14487.0,5,2,5
14488.0,4,1,5
14493.0,5,3,5
14494.0,5,1,2
14495.0,4,1,2
14498.0,4,1,5
14499.0,5,1,4
14500.0,3,1,1
14501.0,3,1,
14502.0,5,2,5
14503.0,5,2,5
14504.0,4,1,2
14505.0,5,2,5
14506.0,5,1,5
14507.0,5,1,4
14508.0,5,1,2
14511.0,5,2,5
14514.0,3,1,4
14515.0,5,2,5
14517.0,4,1,2
14518.0,3,1,3
14520.0,5,1,2
14522.0,5,1,3
14524.0,4,2,5
14525.0,5,2,5
14527.0,5,5,5
14528.0,4,1,4
14529.0,4,1,4
14530.0,5,1,4
14533.0,5,3,5
14534.0,5,3,5
14535.0,4,1,5
14537.0,4,1,4
14538.0,3,1,3
14539.0,5,1,4
14540.0,5,1,5
14541.0,4,1,2
14543.0,5,2,3
14544.0,5,1,5
14546.0,5,3,5
14547.0,5,3,5
14550.0,5,1,5
14551.0,5,1,1
14553.0,5,2,4
14554.0,5,2,5
14555.0,4,1,2
14557.0,3,1,
14560.0,5,3,4
14561.0,3,1,4
14562.0,5,4,5
14567.0,4,1,5
14569.0,5,1,3
14572.0,5,1,5
14577.0,5,1,3
14578.0,5,1,3
14581.0,5,1,2
14582.0,4,1,2
14583.0,5,1,3
14585.0,4,1,2
14587.0,5,1,2
14591.0,5,2,5
14592.0,4,2,4
14593.0,5,1,3
14594.0,5,1,2
14595.0,5,2,5
14597.0,5,1,5
14598.0,4,1,3
14601.0,5,1,3
14606.0,5,5,5
14607.0,5,4,5
14608.0,5,2,5
14609.0,3,1,2
14618.0,5,1,4
14621.0,5,1,5
14623.0,4,2,3
14624.0,4,1,3
14626.0,5,2,5
14629.0,5,2,5
14631.0,4,1,4
14636.0,4,1,3
14638.0,4,1,4
14639.0,4,1,5
14640.0,5,2,4
14641.0,5,1,2
14642.0,4,1,2
14644.0,5,2,4
14646.0,5,5,
14649.0,5,1,5
14651.0,3,1,3
14652.0,3,1,2
14653.0,5,3,5
14655.0,5,2,5
14657.0,5,1,3
14658.0,5,1,2
14659.0,5,2,5
14660.0,3,1,2
14661.0,5,1,2
14662.0,5,1,3
14664.0,5,1,4
14665.0,3,1,
14666.0,5,1,3
14667.0,5,3,5
14673.0,5,2,5
14675.0,5,1,4
14676.0,4,1,5
14680.0,5,2,5
14681.0,3,1,2
14684.0,5,2,5
14688.0,5,3,5
14690.0,4,1,2
14691.0,4,2,5
14696.0,5,1,4
14698.0,5,2,5
14700.0,4,1,5
14701.0,5,1,4
14702.0,5,3,5
14703.0,5,1,3
14704.0,5,3,5
14708.0,5,1,4
14709.0,5,2,5
14710.0,5,2,4
14711.0,5,1,4
14712.0,5,1,5
14713.0,5,1,4
14714.0,5,1,2
14715.0,5,1,3
14716.0,4,1,2
14719.0,5,2,5
14720.0,5,1,4
14723.0,5,2,5
14725.0,5,1,5
14730.0,5,2,5
14731.0,4,1,2
14732.0,5,2,5
14733.0,5,1,4
14735.0,5,3,5
14737.0,5,1,2
14738.0,4,2,4
14739.0,5,2,5
14741.0,5,1,4
14744.0,5,1,3
14748.0,5,1,3
14752.0,4,1,4
14753.0,3,1,4
14754.0,4,1,4
14755.0,5,2,5
14756.0,5,1,5
14757.0,3,1,4
14759.0,5,1,5
14761.0,4,1,2
14764.0,4,1,3
14765.0,5,1,2
14766.0,5,1,5
14768.0,5,1,1
14769.0,5,2,5
14775.0,4,1,3
14776.0,4,2,4
14777.0,5,1,
14780.0,4,1,4
14784.0,5,1,3
14785.0,5,1,2
14788.0,5,1,5
14789.0,5,1,3
14790.0,5,1,4
14792.0,3,1,
14793.0,5,1,3
14794.0,5,2,4
14796.0,5,2,5
14798.0,4,1,2
14799.0,4,1,2
14800.0,4,2,4
14801.0,3,1,3
14804.0,5,1,4
14805.0,5,2,4
14806.0,3,1,3
14808.0,4,2,4
14810.0,4,1,3
14815.0,4,1,5
14818.0,3,1,3
14819.0,3,1,3
14820.0,5,2,4
14824.0,5,2,5
14825.0,5,2,5
14829.0,5,1,2
14830.0,4,1,3
14834.0,5,2,5
14836.0,5,2,2
14841.0,4,1,5
14842.0,4,2,5
14844.0,3,1,5
14849.0,5,3,5
14851.0,5,1,3
14852.0,4,1,4
14853.0,5,1,3
14854.0,3,1,4
14856.0,4,2,5
14857.0,4,1,4
14859.0,5,2,5
14860.0,5,1,3
14861.0,4,1,2
14862.0,5,1,4
14863.0,5,1,3
14865.0,5,1,1
14866.0,5,3,5
14868.0,5,2,5
14869.0,5,1,3
14871.0,5,1,3
14875.0,5,1,
14878.0,5,2,4
14880.0,3,1,4
14881.0,5,1,3
14882.0,5,1,4
14883.0,5,2,4
14887.0,3,1,5
14893.0,5,1,5
14894.0,3,1,4
14895.0,5,3,5
14897.0,5,2,5
14898.0,5,1,3
14901.0,5,2,4
14902.0,5,1,3
14903.0,5,1,4
14904.0,5,1,5
14907.0,5,2,5
14908.0,3,1,3
14910.0,5,3,4
14911.0,5,5,
14912.0,5,1,4
14913.0,4,1,3
14915.0,3,1,
14916.0,3,1,3
14921.0,5,1,4
14923.0,4,1,5
14929.0,4,1,3
14931.0,5,2,5
14934.0,3,1,5
14936.0,5,3,5
14937.0,4,1,5
14944.0,5,3,5
14946.0,5,1,2
14947.0,3,1,2
14948.0,5,2,4
14950.0,5,1,4
14951.0,3,1,3
14952.0,4,2,5
14953.0,5,1,3
14954.0,5,1,4
14959.0,4,1,2
14960.0,5,1,2
14961.0,5,1,5
14963.0,5,2,5
14966.0,5,1,3
14967.0,4,1,4
14968.0,5,1,2
14970.0,3,1,4
14971.0,4,2,5
14974.0,4,1,2
14975.0,4,1,3
14976.0,4,2,3
14978.0,3,1,4
14984.0,5,1,2
14987.0,5,1,2
14995.0,4,1,2
14997.0,4,2,4
15000.0,4,1,4
15005.0,5,3,5
15006.0,4,1,4
15009.0,5,2,5
15010.0,4,1,3
15012.0,4,1,3
15014.0,4,1,2
15017.0,4,1,2
15018.0,4,1,3
15021.0,5,2,5
15022.0,5,2,5
15023.0,5,2,5
15024.0,5,2,5
15025.0,4,1,4
15026.0,3,1,3
15027.0,4,1,2
15028.0,5,2,4
15030.0,3,1,4
15031.0,5,1,4
15033.0,5,2,5
15034.0,5,2,5
15036.0,3,1,3
15038.0,4,2,2
15039.0,5,3,5
15043.0,4,1,4
15044.0,5,2,5
15046.0,5,2,5
15048.0,3,1,1
15050.0,5,2,5
15051.0,5,1,5
15053.0,5,1,3
15054.0,5,1,3
15058.0,5,2,5
15059.0,4,1,3
15060.0,5,2,3
15061.0,5,4,5
15062.0,3,1,3
15065.0,4,1,3
15066.0,4,1,5
15067.0,3,1,5
15068.0,4,1,3
15073.0,5,1,3
15075.0,3,1,5
15078.0,5,3,5
15081.0,5,2,3
15088.0,5,2,5
15089.0,5,2,4
15091.0,4,1,4
15093.0,5,1,4
15096.0,4,1,3
15097.0,5,1,3
15099.0,3,1,4
15101.0,5,1,3
15103.0,4,1,5
15105.0,5,3,5
15106.0,5,2,4
15110.0,5,2,4
15111.0,5,1,5
15113.0,5,2,5
15114.0,5,2,5
15115.0,5,1,4
15116.0,5,1,4
15117.0,5,2,5
15121.0,4,1,2
15122.0,3,1,
15123.0,5,1,5
15124.0,5,1,2
15125.0,5,2,4
15127.0,3,1,4
15128.0,4,1,3
15129.0,4,1,4
15132.0,5,1,2
15134.0,5,2,5
15136.0,5,2,5
15140.0,4,1,4
15142.0,4,1,4
15144.0,5,3,5
15145.0,5,1,4
15148.0,5,1,3
15150.0,5,3,5
15152.0,5,3,5
15153.0,4,1,3
15154.0,3,1,3
15156.0,5,2,5
15157.0,5,1,4
15158.0,4,1,4
15159.0,5,4,5
15163.0,5,1,2
15164.0,3,1,4
15168.0,5,1,2
15172.0,5,1,5
15175.0,3,1,3
15179.0,5,2,5
15181.0,3,1,3
15184.0,5,1,3
15185.0,3,1,3
15186.0,5,1,3
15187.0,5,4,5
15189.0,5,3,5
15193.0,3,1,4
15194.0,5,2,5
15195.0,5,1,5
15197.0,5,1,3
15199.0,4,1,3
15201.0,3,2,1
15203.0,5,1,4
15205.0,3,1,3
15206.0,5,1,3
15208.0,5,2,4
15211.0,4,1,4
15214.0,5,3,5
15215.0,4,2,4
15216.0,3,1,2
15218.0,5,2,5
15220.0,4,1,4
15227.0,4,1,4
15228.0,3,1,5
15237.0,5,1,3
15238.0,5,1,3
15239.0,5,2,5
15240.0,4,1,4
15241.0,3,1,4
15243.0,3,1,3
15244.0,3,1,4
15249.0,4,1,5
15251.0,5,2,5
15252.0,4,1,4
15253.0,5,2,5
15255.0,3,1,5
15264.0,3,1,4
15267.0,5,2,3
15269.0,5,1,4
15270.0,5,1,4
15271.0,5,3,5
15272.0,4,1,5
15274.0,5,1,5
15275.0,4,1,4
15276.0,3,1,2
15277.0,4,1,3
15281.0,4,1,2
15286.0,4,1,3
15287.0,5,2,4
15288.0,4,1,3
15289.0,5,1,3
15290.0,5,3,5
15291.0,5,2,5
15296.0,4,2,5
15297.0,5,2,4
15298.0,5,3,5
15299.0,3,1,5
15300.0,3,1,4
15301.0,4,2,5
15304.0,3,1,3
15306.0,3,1,4
15311.0,5,5,5
15312.0,3,1,2
15315.0,3,1,4
15318.0,5,1,3
15320.0,4,1,3
15321.0,4,2,5
15322.0,3,1,4
15327.0,4,1,3
15329.0,4,1,3
15330.0,4,1,5
15335.0,4,1,3
15339.0,3,1,3
15341.0,3,1,5
15343.0,3,1,4
15344.0,5,2,4
15345.0,4,1,4
15348.0,3,1,2
15351.0,5,3,5
15355.0,5,1,3
15356.0,4,1,4
15358.0,5,3,5
15360.0,4,1,4
15365.0,5,3,4
15366.0,3,1,4
15367.0,4,1,4
15368.0,5,1,4
15370.0,4,2,5
15373.0,5,2,5
15376.0,4,1,3
15380.0,5,2,5
15382.0,5,1,5
15385.0,4,1,3
15392.0,5,2,5
15393.0,5,1,2
15394.0,5,1,5
15398.0,5,2,5
15399.0,5,2,5
15406.0,5,2,3
15407.0,4,1,3
15410.0,3,1,4
15411.0,5,2,5
15414.0,5,1,5
15416.0,3,1,5
15417.0,3,1,4
15419.0,5,1,2
15421.0,4,1,3
15423.0,4,1,1
15426.0,5,2,5
15427.0,4,2,5
15428.0,5,1,2
15429.0,5,2,4
15432.0,5,1,3
15433.0,3,1,
15434.0,5,1,4
15435.0,5,1,2
15436.0,5,1,4
15440.0,4,1,2
15443.0,5,3,5
15444.0,5,1,5
15449.0,5,1,3
15450.0,5,1,4
15452.0,5,1,3
15453.0,5,2,5
15458.0,5,1,2
15463.0,5,1,2
15465.0,5,2,5
15466.0,3,1,4
15467.0,5,1,2
15468.0,4,2,4
15469.0,4,1,3
15471.0,5,1,4
15473.0,5,3,5
15475.0,3,1,4
15478.0,4,1,5
15482.0,5,4,5
15484.0,5,2,5
15485.0,5,1,5
15489.0,5,2,5
15492.0,5,1,4
15493.0,4,1,5
15494.0,5,1,3
15497.0,5,1,3
15498.0,5,4,5
15500.0,5,2,5
15502.0,5,3,5
15504.0,3,1,1
15505.0,4,2,5
15506.0,5,1,5
15511.0,5,2,5
15513.0,4,2,5
15514.0,5,2,5
15516.0,4,2,1
15518.0,3,1,3
15520.0,5,1,4
15521.0,4,2,4
15522.0,4,1,4
15523.0,3,1,4
15524.0,5,1,4
15525.0,5,2,4
15526.0,4,1,2
15527.0,5,2,5
15529.0,5,2,5
15530.0,5,1,4
15531.0,5,1,5
15532.0,5,1,4
15533.0,5,2,5
15539.0,5,1,4
15540.0,5,1,3
15544.0,5,2,5
15545.0,4,1,2
15547.0,5,3,5
15549.0,3,1,1
15550.0,5,1,2
15551.0,4,1,4
15553.0,4,1,4
15555.0,5,3,5
15556.0,5,1,3
15557.0,5,1,4
15561.0,5,1,4
15563.0,5,2,4
15565.0,4,1,3
15567.0,5,1,3
15568.0,5,2,5
15570.0,5,2,5
15571.0,5,2,4
15572.0,5,2,5
15573.0,4,1,4
15576.0,4,1,5
15579.0,3,1,2
15582.0,5,1,2
15584.0,5,2,4
15587.0,4,1,2
15592.0,4,1,4
15593.0,3,1,3
15594.0,5,2,5
15597.0,5,1,3
15598.0,4,2,3
15599.0,5,1,3
15601.0,5,2,5
15602.0,5,2,5
15603.0,3,1,1
15604.0,4,1,3
15605.0,4,1,3
15606.0,4,2,
15608.0,5,2,5
15610.0,4,1,2
15611.0,5,3,4
15612.0,4,1,3
15615.0,5,2,5
15618.0,4,1,3
15619.0,5,1,4
15620.0,4,1,5
15621.0,5,3,5
15622.0,5,3,5
15626.0,3,1,4
15628.0,5,2,5
15630.0,4,1,5
15632.0,5,2,5
15634.0,5,1,3
15637.0,4,1,3
15640.0,5,2,5
15645.0,5,1,4
15651.0,4,1,4
15654.0,5,1,5
15656.0,4,1,3
15657.0,5,1,1
15659.0,4,1,3
15660.0,5,2,5
15664.0,4,1,4
15667.0,4,1,3
15669.0,4,1,2
15671.0,5,1,5
15673.0,3,1,5
15674.0,3,1,5
15675.0,3,1,2
15676.0,5,2,5
15677.0,4,1,4
15678.0,4,1,4
15679.0,5,1,4
15680.0,5,1,5
15681.0,5,2,3
15687.0,5,2,5
15690.0,5,1,2
15692.0,5,1,3
15694.0,5,2,5
15696.0,4,2,5
15699.0,5,1,3
15701.0,5,2,5
15706.0,4,2,4
15707.0,4,2,5
15708.0,4,1,4
15712.0,5,1,3
15714.0,5,1,3
15719.0,4,1,5
15720.0,5,1,4
15721.0,5,1,4
15722.0,4,1,5
15725.0,5,1,4
15727.0,5,1,4
15728.0,4,1,
15730.0,3,1,4
15737.0,5,2,3
15738.0,5,2,5
15739.0,3,1,4
15740.0,4,1,2
15743.0,5,1,4
15744.0,3,1,1
15745.0,5,2,5
15747.0,5,1,4
15748.0,4,1,2
15750.0,5,2,5
15752.0,4,1,4
15754.0,4,2,4
15755.0,5,2,5
15756.0,3,1,3
15757.0,3,1,4
15758.0,5,1,3
15762.0,3,1,4
15763.0,4,2,5
15764.0,3,2,
15766.0,3,1,3
15769.0,5,3,5
15773.0,5,1,4
15774.0,3,1,3
15781.0,5,1,2
15782.0,5,2,5
15783.0,5,1,3
15785.0,5,1,4
15786.0,4,2,5
15787.0,5,2,5
15790.0,5,1,3
15791.0,4,1,4
15793.0,5,2,4
15796.0,5,2,5
15799.0,3,1,4
15801.0,4,2,5
15803.0,4,1,4
15804.0,5,4,5
15805.0,5,3,5
15806.0,4,1,3
15807.0,4,2,5
15809.0,4,1,1
15810.0,3,2,
15811.0,5,1,4
15814.0,5,3,5
15815.0,3,1,3
15819.0,4,1,3
15821.0,4,1,4
15822.0,5,1,4
15826.0,4,2,5
15827.0,3,1,3
15830.0,5,1,4
15831.0,4,1,4
15834.0,3,1,4
15835.0,4,1,3
15836.0,4,1,2
15837.0,3,1,4
15838.0,5,3,5
15839.0,5,2,5
15840.0,4,1,2
15841.0,3,2,4
15844.0,4,1,2
15845.0,5,2,5
15847.0,4,1,3
15850.0,5,1,2
15853.0,4,1,2
15854.0,5,2,4
15856.0,5,4,5
15857.0,5,1,3
15858.0,5,2,4
15860.0,4,1,3
15861.0,5,3,5
15862.0,5,1,3
15863.0,5,1,1
15864.0,5,2,5
15865.0,4,1,4
15867.0,5,2,5
15870.0,4,1,4
15872.0,5,1,4
15874.0,3,1,5
15877.0,5,2,4
15883.0,5,1,4
15886.0,4,1,3
15888.0,3,1,2
15898.0,5,1,4
15900.0,5,1,4
15901.0,5,1,3
15903.0,5,2,5
15904.0,5,1,2
15906.0,5,2,5
15907.0,5,1,4
15910.0,5,2,4
15916.0,5,2,4
15919.0,5,1,4
15930.0,3,1,4
15932.0,5,1,4
15933.0,5,2,5
15937.0,3,1,2
15947.0,3,1,5
15948.0,5,1,5
15949.0,5,1,4
15950.0,5,2,4
15951.0,5,1,3
15952.0,4,1,4
15953.0,5,2,5
15955.0,5,3,5
15957.0,4,1,4
15958.0,3,1,2
15963.0,5,1,4
15965.0,5,2,5
15967.0,5,1,3
15969.0,5,2,3
15971.0,5,2,5
15974.0,4,1,4
15975.0,3,1,4
15977.0,5,1,5
15978.0,3,1,5
15980.0,3,1,5
15981.0,5,1,5
15983.0,5,1,3
15984.0,5,2,5
15986.0,5,1,3
15987.0,5,1,3
15988.0,5,1,2
15990.0,4,1,4
15992.0,5,1,1
15993.0,5,3,5
15994.0,4,1,4
15996.0,3,1,2
15998.0,4,1,5
16000.0,5,2,5
16003.0,5,1,5
16005.0,5,1,3
16007.0,4,1,5
16008.0,5,1,4
16009.0,5,2,4
16011.0,5,2,5
16012.0,4,1,3
16013.0,5,4,5
16014.0,4,1,2
16015.0,5,2,5
16016.0,5,2,5
16017.0,4,1,3
16018.0,4,1,3
16019.0,5,2,4
16020.0,5,2,5
16023.0,4,1,3
16024.0,5,1,3
16025.0,5,1,4
16026.0,4,1,3
16029.0,4,4,5
16033.0,5,2,5
16036.0,3,1,4
16038.0,5,1,2
16040.0,3,1,4
16041.0,4,1,4
16042.0,5,2,5
16043.0,4,1,2
16048.0,3,1,
16049.0,4,2,5
16052.0,4,1,4
16053.0,4,1,4
16056.0,4,1,4
16057.0,5,1,5
16059.0,3,1,4
16062.0,5,1,4
16066.0,5,2,5
16070.0,5,1,5
16071.0,4,1,3
16076.0,5,2,5
16079.0,5,2,5
16080.0,3,1,2
16081.0,4,1,5
16085.0,5,2,4
16086.0,4,1,3
16094.0,5,2,5
16098.0,3,1,3
16099.0,4,1,2
16101.0,5,2,5
16102.0,4,1,4
16103.0,5,1,3
16104.0,3,1,3
16106.0,3,1,2
16107.0,5,2,5
16108.0,3,1,5
16110.0,4,1,4
16115.0,5,2,5
16119.0,5,1,4
16120.0,4,2,5
16121.0,4,1,4
16122.0,3,1,2
16123.0,4,1,3
16126.0,5,1,5
16127.0,4,1,4
16128.0,5,2,5
16131.0,4,1,5
16133.0,5,4,5
16134.0,5,1,4
16136.0,4,1,4
16139.0,5,1,3
16140.0,4,2,4
16141.0,3,1,4
16143.0,5,1,4
16145.0,5,2,5
16149.0,5,1,2
16150.0,4,2,4
16153.0,4,1,5
16156.0,5,3,5
16157.0,5,2,4
16160.0,3,2,5
16161.0,5,3,5
16164.0,5,2,5
16168.0,5,3,5
16169.0,5,2,5
16170.0,4,1,3
16171.0,4,1,2
16173.0,5,2,5
16177.0,4,1,3
16179.0,3,1,3
16181.0,3,1,3
16182.0,3,1,5
16183.0,3,1,4
16184.0,3,1,3
16185.0,5,1,3
16186.0,5,2,5
16187.0,4,2,5
16188.0,4,1,3
16189.0,5,1,3
16190.0,4,1,3
16191.0,5,3,5
16198.0,3,1,4
16200.0,5,1,4
16201.0,5,2,5
16203.0,4,1,3
16204.0,5,1,4
16205.0,4,2,4
16206.0,4,1,2
16207.0,5,1,4
16208.0,4,1,3
16209.0,3,1,2
16210.0,5,3,5
16211.0,3,1,4
16212.0,5,1,3
16213.0,3,1,2
16215.0,3,1,3
16218.0,5,1,4
16221.0,4,1,4
16224.0,4,1,4
16225.0,4,1,2
16229.0,3,1,4
16232.0,4,1,3
16233.0,3,1,3
16235.0,4,1,3
16236.0,3,1,4
16239.0,4,1,1
16240.0,5,2,5
16241.0,5,2,5
16242.0,5,2,5
16243.0,4,1,4
16245.0,5,1,4
16248.0,3,1,2
16249.0,4,1,4
16253.0,4,1,5
16255.0,5,1,4
16258.0,4,1,5
16260.0,4,1,5
16261.0,5,1,3
16265.0,5,1,5
16266.0,3,1,2
16268.0,3,1,5
16271.0,5,1,4
16278.0,5,1,
16279.0,5,1,5
16281.0,3,1,5
16283.0,5,2,5
16284.0,4,1,5
16293.0,5,3,5
16295.0,5,2,5
16298.0,5,1,4
16303.0,5,1,5
16308.0,4,1,5
16311.0,5,1,4
16313.0,5,1,3
16316.0,3,1,5
16318.0,4,1,3
16321.0,3,2,2
16322.0,5,1,3
16325.0,4,1,2
16326.0,5,3,5
16327.0,5,1,5
16330.0,5,1,3
16332.0,5,2,5
16333.0,5,2,5
16337.0,4,1,2
16341.0,5,2,5
16342.0,3,1,1
16343.0,5,1,4
16345.0,4,1,4
16347.0,5,1,5
16348.0,4,2,5
16350.0,5,2,5
16352.0,5,1,4
16353.0,5,3,5
16354.0,3,1,4
16357.0,4,1,4
16358.0,5,2,5
16359.0,5,1,4
16360.0,5,3,5
16361.0,5,2,5
16362.0,4,2,4
16363.0,4,1,2
16364.0,5,1,4
16365.0,5,1,5
16366.0,5,1,3
16367.0,4,1,4
16368.0,5,1,4
16369.0,5,1,5
16370.0,3,1,4
16372.0,4,1,4
16374.0,3,1,3
16376.0,5,2,5
16379.0,5,2,5
16380.0,3,1,5
16383.0,3,1,4
16385.0,4,1,3
16386.0,5,1,3
16389.0,4,2,5
16393.0,5,3,5
16394.0,4,2,4
16395.0,3,1,4
16399.0,5,1,3
16401.0,5,3,5
16404.0,3,1,4
16406.0,5,1,2
16407.0,5,1,4
16409.0,4,1,5
16411.0,5,1,2
16412.0,4,1,2
16413.0,4,1,3
16414.0,5,1,2
16415.0,4,1,3
16416.0,5,2,5
16418.0,4,1,3
16422.0,5,4,5
16423.0,5,1,4
16426.0,5,3,5
16428.0,3,1,
16430.0,4,1,3
16432.0,3,1,3
16433.0,5,1,3
16434.0,5,2,4
16438.0,5,2,5
16440.0,5,2,5
16441.0,3,1,3
16442.0,5,1,3
16444.0,4,1,2
16445.0,4,1,3
16446.0,5,1,
16451.0,3,1,3
16454.0,4,1,1
16455.0,3,1,4
16458.0,5,3,5
16460.0,5,2,5
16462.0,3,1,1
16463.0,5,2,5
16464.0,5,1,5
16466.0,4,1,4
16468.0,3,1,2
16469.0,5,1,4
16470.0,4,1,3
16474.0,5,3,5
16475.0,3,1,2
16477.0,3,1,4
16478.0,5,2,3
16479.0,5,1,3
16480.0,3,1,5
16482.0,5,1,3
16485.0,3,1,4
16488.0,4,1,2
16491.0,4,1,5
16493.0,3,1,4
16495.0,5,1,4
16496.0,5,1,4
16497.0,4,1,5
16500.0,5,2,3
16504.0,5,1,4
16505.0,4,1,5
16506.0,5,1,2
16511.0,5,1,4
16513.0,5,2,5
16515.0,4,1,4
16516.0,5,1,2
16518.0,3,1,3
16519.0,5,1,2
16523.0,5,4,5
16525.0,5,2,5
16527.0,3,1,3
16528.0,5,1,3
16531.0,5,2,4
16532.0,5,1,5
16533.0,5,2,5
16535.0,5,1,4
16539.0,5,1,4
16542.0,4,1,2
16549.0,5,3,5
16554.0,5,1,4
16555.0,4,1,2
16556.0,3,1,5
16557.0,5,1,3
16558.0,5,3,5
16560.0,5,1,4
16561.0,5,1,4
16563.0,4,1,5
16566.0,5,1,2
16569.0,5,1,2
16570.0,5,2,5
16571.0,5,1,4
16573.0,3,1,4
16574.0,3,1,4
16584.0,3,1,3
16589.0,3,1,3
16591.0,3,1,3
16592.0,5,3,5
16593.0,4,1,2
16594.0,3,1,3
16595.0,3,1,4
16596.0,5,1,2
16597.0,5,1,2
16600.0,5,2,4
16601.0,4,1,3
16602.0,4,1,4
16603.0,3,1,3
16607.0,5,2,5
16609.0,5,2,5
16612.0,4,1,3
16613.0,3,1,4
16616.0,5,1,3
16618.0,4,1,5
16620.0,5,1,2
16621.0,4,1,3
16624.0,3,1,4
16626.0,5,4,5
16627.0,3,1,3
16628.0,5,1,4
16629.0,3,1,3
16633.0,5,2,5
16637.0,4,2,4
16638.0,5,1,2
16639.0,5,1,5
16642.0,5,1,4
16648.0,4,1,3
16650.0,3,1,4
16652.0,4,2,5
16653.0,5,2,5
16655.0,5,2,5
16656.0,5,3,5
16657.0,5,1,4
16660.0,5,2,4
16666.0,5,1,2
16667.0,3,1,4
16668.0,5,1,1
16669.0,5,2,5
16670.0,5,3,5
16671.0,5,1,3
16672.0,5,2,5
16674.0,4,1,3
16676.0,4,1,4
16678.0,5,3,5
16680.0,4,1,3
16681.0,3,1,4
16682.0,5,1,3
16684.0,5,3,5
16685.0,3,1,3
16686.0,4,1,4
16688.0,5,2,5
16689.0,3,2,3
16690.0,4,1,2
16693.0,3,1,3
16700.0,5,2,5
16701.0,5,2,5
16705.0,5,4,5
16706.0,4,1,2
16708.0,4,1,4
16709.0,3,1,5
16710.0,5,2,4
16711.0,5,1,5
16712.0,5,2,5
16713.0,5,3,5
16715.0,3,1,3
16717.0,5,2,5
16719.0,5,1,4
16720.0,5,1,2
16722.0,5,2,5
16726.0,5,1,4
16728.0,4,1,4
16729.0,4,2,5
16730.0,4,1,3
16732.0,4,1,4
16734.0,4,1,4
16735.0,3,1,3
16737.0,4,1,4
16742.0,4,1,
16743.0,5,1,4
16744.0,5,2,5
16745.0,3,1,5
16746.0,5,3,5
16747.0,5,2,5
16748.0,5,1,4
16750.0,4,1,3
16751.0,4,1,5
16753.0,4,1,3
16758.0,3,1,4
16759.0,5,2,5
16762.0,5,1,5
16764.0,5,4,5
16767.0,4,2,5
16768.0,4,1,3
16770.0,4,1,2
16771.0,4,1,4
16773.0,4,1,3
16774.0,3,1,2
16775.0,5,2,4
16776.0,4,1,4
16777.0,3,1,1
16778.0,3,1,2
16779.0,5,3,5
16782.0,5,2,4
16784.0,5,1,2
16789.0,5,1,2
16790.0,5,3,5
16791.0,5,2,5
16793.0,4,1,3
16794.0,5,3,4
16796.0,3,1,3
16800.0,5,1,5
16803.0,3,1,3
16804.0,5,1,4
16809.0,5,1,4
16811.0,5,1,4
16813.0,5,2,4
16814.0,5,2,5
16817.0,5,1,4
16818.0,5,1,5
16824.0,5,1,3
16825.0,4,1,4
16826.0,4,1,4
16830.0,4,1,3
16833.0,5,1,4
16836.0,4,1,2
16837.0,4,1,5
16839.0,5,4,5
16841.0,4,1,3
16842.0,3,1,
16843.0,4,2,5
16846.0,4,1,3
16847.0,4,1,3
16848.0,4,1,3
16851.0,5,2,4
16852.0,5,1,1
16855.0,5,1,3
16856.0,5,1,1
16861.0,4,1,2
16863.0,5,1,3
16869.0,5,2,4
16871.0,5,1,5
16872.0,3,1,3
16873.0,5,2,5
16875.0,3,1,5
16877.0,5,2,4
16878.0,5,1,
16880.0,4,1,4
16881.0,3,1,4
16882.0,3,1,4
16884.0,4,1,4
16885.0,5,1,3
16887.0,4,1,3
16891.0,5,1,3
16892.0,5,2,4
16895.0,3,1,3
16898.0,5,1,3
16899.0,5,1,5
16900.0,5,2,3
16903.0,5,1,4
16904.0,5,1,5
16905.0,5,2,5
16906.0,3,1,3
16907.0,5,1,3
16909.0,3,1,4
16910.0,5,3,5
16912.0,5,2,5
16914.0,4,1,3
16915.0,5,1,3
16916.0,5,1,4
16918.0,4,2,3
16921.0,3,1,3
16923.0,5,2,5
16924.0,5,2,5
16928.0,3,1,4
16929.0,5,2,5
16930.0,5,2,4
16931.0,5,3,5
16932.0,4,1,2
16933.0,5,1,3
16934.0,4,1,5
16936.0,5,1,3
16938.0,5,1,3
16940.0,4,1,5
16942.0,5,1,4
16945.0,5,3,5
16949.0,5,1,4
16950.0,4,1,4
16953.0,5,1,1
16954.0,5,2,5
16956.0,5,1,3
16959.0,3,1,2
16960.0,4,1,3
16966.0,5,2,5
16968.0,5,1,3
16969.0,4,1,3
16971.0,5,1,3
16978.0,3,1,4
16979.0,5,2,5
16982.0,3,1,4
16983.0,5,1,5
16984.0,3,2,5
16985.0,5,2,5
16986.0,5,1,5
16987.0,5,2,5
16988.0,5,1,2
16989.0,5,2,3
16992.0,5,1,4
16996.0,5,1,4
16999.0,5,1,4
17001.0,5,2,5
17002.0,3,1,4
17004.0,4,1,4
17006.0,5,2,5
17007.0,4,1,3
17010.0,5,1,3
17011.0,5,1,3
17014.0,5,2,4
17015.0,5,1,5
17017.0,5,3,5
17018.0,4,1,4
17019.0,5,1,3
17022.0,4,1,2
17024.0,4,1,1
17025.0,3,1,3
17027.0,3,1,3
17030.0,3,1,2
17031.0,5,1,2
17033.0,3,1,4
17034.0,5,2,4
17037.0,3,1,5
17038.0,5,1,2
17041.0,5,1,3
17042.0,5,1,2
17043.0,4,1,5
17044.0,5,1,5
17047.0,3,1,4
17049.0,5,2,5
17052.0,5,1,4
17054.0,5,1,2
17058.0,3,1,4
17059.0,5,1,5
17061.0,3,1,4
17063.0,5,2,5
17064.0,4,1,4
17068.0,5,2,5
17069.0,5,2,5
17071.0,5,3,5
17073.0,5,2,5
17075.0,5,1,2
17076.0,4,1,4
17078.0,4,1,4
17079.0,3,1,2
17080.0,5,1,3
17081.0,5,1,3
17082.0,4,1,5
17084.0,4,1,5
17086.0,5,3,5
17088.0,5,1,4
17090.0,5,2,5
17091.0,5,1,5
17092.0,4,1,5
17095.0,5,1,5
17096.0,5,2,4
17097.0,5,1,3
17100.0,5,1,5
17101.0,5,2,5
17107.0,4,2,5
17109.0,5,3,4
17111.0,4,1,3
17114.0,5,1,3
17115.0,5,1,3
17119.0,5,2,4
17125.0,4,1,3
17131.0,5,2,5
17133.0,5,2,5
17135.0,5,2,4
17139.0,5,3,5
17144.0,5,1,5
17147.0,5,1,5
17148.0,4,1,2
17153.0,5,1,3
17154.0,3,1,3
17155.0,5,1,2
17157.0,5,1,2
17158.0,4,1,4
17159.0,5,2,5
17160.0,4,1,4
17162.0,5,1,3
17163.0,5,1,3
17164.0,4,2,5
17166.0,4,1,2
17169.0,4,1,4
17172.0,3,1,3
17173.0,5,3,5
17175.0,4,1,3
17180.0,4,1,3
17181.0,4,1,2
17183.0,5,3,5
17186.0,4,1,2
17188.0,5,1,4
17190.0,4,1,3
17191.0,5,1,4
17193.0,4,3,5
17197.0,5,1,5
17198.0,5,1,3
17201.0,4,1,4
17203.0,4,3,5
17205.0,4,1,4
17206.0,4,1,3
17211.0,5,1,5
17213.0,4,1,5
17214.0,4,2,4
17218.0,5,2,5
17219.0,4,1,2
17220.0,5,2,5
17221.0,5,1,4
17222.0,3,1,4
17227.0,5,2,4
17228.0,5,2,5
17231.0,5,2,5
17232.0,5,1,4
17233.0,4,1,3
17235.0,5,1,3
17236.0,5,1,3
17237.0,5,1,3
17238.0,5,3,5
17243.0,5,3,5
17244.0,4,1,5
17247.0,5,1,3
17250.0,5,1,3
17253.0,5,1,3
17254.0,5,1,3
17255.0,4,1,3
17262.0,4,1,3
17266.0,5,1,3
17272.0,4,1,5
17274.0,4,1,2
17279.0,4,1,3
17284.0,4,1,2
17286.0,5,1,2
17287.0,5,1,4
17288.0,5,1,5
17289.0,4,2,5
17290.0,5,1,4
17293.0,5,2,5
17295.0,5,2,4
17297.0,5,1,2
17299.0,5,1,4
17301.0,5,1,3
17302.0,5,1,4
17306.0,5,2,5
17311.0,3,1,5
17313.0,5,1,5
17314.0,5,2,5
17315.0,5,3,5
17317.0,4,2,4
17321.0,5,1,5
17323.0,5,2,4
17324.0,5,1,3
17329.0,5,1,3
17330.0,5,1,4
17333.0,3,1,4
17338.0,5,1,5
17340.0,5,3,5
17344.0,4,1,2
17345.0,5,1,3
17346.0,5,3,5
17347.0,3,1,3
17348.0,5,2,5
17350.0,5,2,5
17351.0,4,1,2
17354.0,4,1,5
17357.0,5,1,4
17359.0,5,1,2
17360.0,5,1,3
17361.0,4,1,3
17364.0,5,2,5
17365.0,5,2,5
17368.0,5,1,3
17370.0,3,1,3
17371.0,5,1,3
17372.0,4,1,3
17373.0,4,1,4
17376.0,3,1,2
17377.0,5,3,5
17379.0,5,1,4
17381.0,5,2,5
17382.0,3,1,1
17383.0,5,1,3
17384.0,5,1,2
17385.0,5,1,3
17386.0,5,1,5
17387.0,5,1,5
17388.0,3,1,3
17389.0,5,3,5
17396.0,4,1,5
17397.0,5,1,5
17402.0,5,2,5
17403.0,4,1,3
17404.0,5,3,5
17405.0,5,2,4
17410.0,5,2,5
17411.0,5,1,4
17412.0,5,2,4
17414.0,4,1,3
17415.0,3,1,4
17416.0,5,1,5
17418.0,4,1,3
17419.0,5,2,5
17420.0,4,1,3
17422.0,5,1,3
17423.0,4,1,3
17425.0,5,1,5
17426.0,5,2,5
17427.0,3,1,2
17428.0,5,3,5
17430.0,4,1,2
17432.0,5,1,4
17433.0,3,1,3
17434.0,5,3,5
17436.0,5,1,2
17442.0,5,1,3
17447.0,4,1,4
17449.0,5,2,5
17450.0,5,5,
17451.0,5,3,5
17453.0,5,1,4
17458.0,5,1,3
17459.0,4,1,4
17460.0,3,1,
17461.0,5,2,5
17462.0,4,1,3
17463.0,5,1,4
17466.0,5,1,5
17468.0,5,1,2
17469.0,5,1,5
17470.0,4,1,3
17475.0,3,1,3
17480.0,3,1,4
17481.0,5,2,5
17483.0,3,1,2
17489.0,4,1,3
17490.0,5,3,5
17491.0,5,2,5
17495.0,5,1,4
17498.0,3,1,3
17500.0,5,2,5
17502.0,5,2,5
17503.0,5,1,4
17506.0,3,1,3
17509.0,4,4,5
17510.0,5,1,3
17511.0,5,4,5
17512.0,5,1,5
17513.0,3,1,4
17515.0,4,1,2
17516.0,5,1,2
17519.0,5,1,4
17520.0,4,1,4
17521.0,5,2,4
17522.0,5,1,2
17523.0,5,2,4
17526.0,5,1,3
17527.0,4,2,3
17528.0,5,4,5
17530.0,5,2,5
17534.0,4,1,3
17537.0,5,1,3
17538.0,5,1,2
17540.0,5,1,3
17545.0,4,2,4
17549.0,5,1,2
17552.0,4,2,4
17554.0,5,2,5
17555.0,5,1,3
17557.0,5,2,4
17561.0,5,1,3
17562.0,5,2,4
17564.0,5,2,4
17566.0,5,1,5
17567.0,5,2,5
17571.0,4,1,5
17572.0,3,1,1
17573.0,5,2,3
17576.0,5,3,5
17579.0,5,1,3
17581.0,5,3,5
17584.0,5,1,4
17589.0,4,1,4
17590.0,5,2,5
17591.0,3,1,4
17593.0,5,1,5
17594.0,3,1,5
17595.0,5,1,4
17596.0,5,2,5
17600.0,5,1,2
17602.0,5,2,5
17603.0,4,1,4
17608.0,4,1,3
17609.0,4,2,4
17611.0,5,3,5
17612.0,4,1,4
17613.0,5,3,5
17614.0,4,1,4
17618.0,5,1,3
17620.0,4,1,2
17621.0,5,1,4
17623.0,4,1,4
17624.0,5,1,4
17625.0,5,1,5
17628.0,3,1,2
17629.0,5,2,5
17631.0,5,1,2
17633.0,4,2,4
17634.0,4,1,3
17636.0,5,1,3
17637.0,4,1,3
17640.0,3,1,4
17644.0,5,2,5
17647.0,3,1,2
17648.0,3,1,5
17650.0,5,1,2
17651.0,5,3,5
17652.0,5,3,5
17653.0,5,2,5
17655.0,5,1,5
17656.0,3,1,5
17658.0,5,1,3
17659.0,5,2,5
17663.0,5,2,5
17664.0,5,1,3
17666.0,5,1,5
17667.0,3,1,3
17668.0,5,1,4
17669.0,4,1,5
17671.0,5,1,4
17672.0,4,1,5
17673.0,5,2,4
17674.0,3,1,3
17675.0,5,3,5
17676.0,5,1,4
17677.0,5,4,5
17679.0,4,1,5
17680.0,5,1,3
17682.0,5,1,4
17684.0,4,1,3
17685.0,5,1,5
17686.0,5,1,5
17690.0,5,2,5
17696.0,4,1,4
17700.0,5,1,5
17702.0,5,1,4
17703.0,4,1,3
17705.0,5,2,5
17706.0,5,3,5
17711.0,5,1,2
17712.0,4,1,4
17716.0,5,2,5
17719.0,4,2,5
17720.0,5,1,3
17724.0,4,2,4
17725.0,5,2,5
17727.0,5,1,5
17728.0,5,2,5
17730.0,5,3,5
17731.0,3,1,3
17733.0,4,1,4
17734.0,4,1,2
17735.0,5,2,5
17736.0,5,2,1
17737.0,5,1,3
17738.0,5,1,3
17739.0,5,2,5
17744.0,5,1,5
17750.0,5,2,4
17754.0,5,2,5
17757.0,5,3,5
17758.0,5,2,5
17759.0,5,1,5
17760.0,5,1,2
17761.0,4,1,5
17764.0,4,1,4
17767.0,5,1,3
17768.0,5,1,5
17769.0,5,3,5
17771.0,4,1,2
17772.0,5,1,3
17777.0,5,1,4
17779.0,5,2,3
17783.0,3,1,3
17785.0,4,1,2
17786.0,3,1,2
17788.0,3,1,5
17790.0,5,1,4
17791.0,5,1,2
17793.0,5,1,3
17796.0,4,1,2
17797.0,5,1,4
17799.0,5,1,4
17800.0,4,1,3
17802.0,3,1,4
17805.0,3,1,4
17806.0,5,1,4
17809.0,5,2,5
17811.0,5,4,5
17812.0,5,2,4
17813.0,5,3,5
17816.0,4,1,1
17817.0,5,1,2
17819.0,3,1,3
17824.0,4,1,3
17827.0,5,1,4
17828.0,5,2,4
17830.0,5,1,2
17831.0,4,1,1
17832.0,4,1,2
17835.0,5,2,4
17836.0,4,1,2
17837.0,4,3,5
17838.0,5,2,4
17839.0,4,1,4
17841.0,5,5,5
17846.0,3,1,5
17848.0,3,1,2
17852.0,5,1,2
17856.0,5,1,3
17857.0,5,3,5
17858.0,5,2,5
17861.0,5,2,5
17863.0,4,1,5
17864.0,5,1,4
17865.0,4,3,5
17867.0,5,2,
17870.0,5,3,5
17873.0,3,1,3
17878.0,4,1,4
17883.0,5,2,4
17884.0,5,1,2
17885.0,5,1,3
17886.0,4,1,4
17888.0,5,2,4
17892.0,4,1,2
17894.0,3,1,2
17895.0,4,1,2
17896.0,5,1,3
17898.0,3,1,1
17901.0,5,1,2
17904.0,5,1,3
17905.0,3,1,3
17911.0,5,1,4
17913.0,4,1,3
17914.0,5,1,4
17917.0,4,1,2
17919.0,3,1,5
17920.0,5,3,5
17921.0,3,1,3
17924.0,5,3,5
17928.0,4,1,2
17929.0,5,1,2
17930.0,4,2,5
17932.0,5,1,4
17934.0,4,1,5
17936.0,5,1,4
17937.0,5,1,5
17940.0,4,1,3
17942.0,5,1,2
17947.0,4,1,3
17949.0,5,4,5
17950.0,3,1,3
17951.0,4,1,4
17954.0,5,1,4
17957.0,3,1,2
17961.0,5,3,2
17964.0,4,1,3
17965.0,4,1,4
17966.0,4,1,4
17973.0,4,1,4
17974.0,5,1,4
17975.0,5,1,4
17977.0,5,1,3
17979.0,4,1,3
17985.0,5,1,4
17986.0,4,1,1
17988.0,5,1,1
17997.0,3,2,2
17999.0,4,1,3
18001.0,5,1,4
18005.0,5,1,3
18006.0,5,1,4
18008.0,3,1,1
18014.0,5,1,2
18015.0,5,1,2
18016.0,4,1,5
18017.0,3,1,3
18019.0,4,1,1
18022.0,4,1,5
18030.0,5,2,3
18033.0,3,1,2
18034.0,5,1,4
18035.0,4,2,5
18036.0,4,1,2
18040.0,5,1,2
18041.0,5,2,5
18042.0,4,1,2
18043.0,5,1,2
18044.0,5,2,5
18045.0,4,1,3
18053.0,3,1,3
18055.0,5,2,5
18058.0,5,1,3
18059.0,5,2,3
18061.0,5,1,3
18065.0,5,3,5
18066.0,3,1,3
18067.0,4,1,4
18069.0,5,2,5
18075.0,5,1,4
18077.0,5,2,5
18079.0,4,1,5
18080.0,5,1,4
18081.0,4,1,2
18082.0,5,1,5
18084.0,5,1,2
18088.0,3,1,3
18092.0,5,2,5
18094.0,3,1,4
18096.0,5,2,5
18097.0,5,1,5
18101.0,5,1,2
18102.0,5,5,
18104.0,4,1,5
18105.0,4,1,2
18109.0,5,3,5
18110.0,5,1,3
18112.0,5,1,2
18116.0,3,1,2
18117.0,5,1,3
18118.0,5,3,5
18122.0,5,2,5
18123.0,5,1,4
18125.0,5,1,3
18126.0,3,1,3
18127.0,5,1,3
18130.0,5,2,5
18135.0,5,2,4
18136.0,3,1,3
18139.0,5,3,5
18144.0,5,2,5
18145.0,5,1,5
18147.0,4,1,2
18149.0,4,1,1
18150.0,4,1,2
18154.0,5,1,4
18155.0,3,1,2
18156.0,5,1,4
18158.0,5,2,4
18160.0,4,1,3
18161.0,5,2,5
18164.0,4,1,4
18167.0,5,2,5
18169.0,3,1,3
18170.0,4,1,3
18171.0,4,1,3
18172.0,5,4,5
18173.0,3,1,4
18174.0,5,1,2
18177.0,4,1,3
18179.0,5,1,5
18180.0,5,2,5
18181.0,5,1,4
18184.0,5,1,1
18188.0,5,2,5
18189.0,3,1,4
18192.0,3,1,5
18194.0,3,1,5
18198.0,5,2,5
18204.0,3,1,4
18205.0,4,1,4
18209.0,5,1,2
18210.0,5,2,5
18211.0,5,2,3
18215.0,3,1,3
18216.0,4,1,4
18217.0,5,1,4
18219.0,5,2,4
18221.0,5,1,4
18223.0,5,3,5
18225.0,5,3,5
18226.0,4,2,5
18228.0,4,2,5
18229.0,5,3,5
18230.0,5,2,4
18232.0,3,1,2
18235.0,3,1,5
18236.0,5,1,3
18237.0,5,1,3
18240.0,4,1,4
18241.0,5,3,5
18242.0,3,1,5
18245.0,5,1,5
18246.0,5,1,4
18249.0,5,1,2
18251.0,3,1,5
18252.0,4,1,4
18255.0,3,1,2
18257.0,4,2,5
18259.0,5,1,5
18261.0,4,1,2
18263.0,5,1,4
18265.0,3,1,3
18270.0,4,1,3
18272.0,5,1,5
18273.0,5,1,1
18274.0,5,1,
18276.0,5,2,3
18277.0,4,1,2
18278.0,3,1,3
18282.0,5,1,2
18283.0,5,3,5
18287.0,4,1,5
